Text,Topic
#Brand in #Prenzlauer_Berg Es brennt das Dach eines Wohngeb√§udes in der #Paul_Robeson_Stra√üe  Es wurden weitere Fahrzeuge und Kr√§fte nachalarmiert. Wir sind hier aktuell mit rund 52 Kr√§ften im Einsatz bzw. auf der Anfahrt.  Weitere Infos folgen ‚Ä¶,Brand
"In der vergangenen Nacht kam es in der #Charlottenburger_Stra√üe in #Wei√üensee zu einem #Brand in einer Wohnung eines dreigeschossigen Mehrfamilienhauses. Dabei konnte eine Person nur noch tot geborgen werden. Eingesetzt: 1 C-Rohr, 4 Atemschutzger√§te. Vor Ort: 22 Kr√§fte. #EstuK",Brand
"#Brand im Keller eines #Hochhaus‚Äães in der #Bismarckstra√üe in #Charlottenburg. Rauchausbreitung in mehrere Hausaufg√§nge. Alles kontrolliert und bel√ºftet. Keiner verletzt. Eingesetzt: u.a. 1 C-Rohr, 10 Atemschutzger√§te, 1 Druckl√ºfter. Vor Ort waren wir mit 48 Kr√§ften. #EstuK  ",Brand
"In der Stra√üe #Rue_Racine in #Wittenau kam es in einer ehemaligen Schule zu einem #Brand im Keller des dreigeschossigen leerstehenden Geb√§udes. Im Einsatz waren 38 Kr√§fte (auch die #FF mit 2 TLF und 1 SW) und setzten u.a. 1 C-Rohr, 2 Atemschutzger√§te und 1 Druckl√ºfter ein. #EstuK  ",Brand
"In der #Danziger_Stra√üe in #Prenzlauer_Berg kam es zu einem #Brand in der K√ºche eines Restaurants im EG eines f√ºnfgeschossigen Geb√§udes. Wir setzten u.a. 1 C-Rohr, 4 Atemschutzger√§te und 1 Druckl√ºfter ein. Mehrere Wohnungen kontrolliert. Keiner verletzt. 24 Kr√§fte t√§tig. #EstuK  ",Brand
"(2/2) 120 Kr√§fte sind aktuell im Einsatz, darunter auch alle 3 #Lehrfeuerwachen und diverse #Freiwillige_Feuerwehr|en. Die Brandbek√§mpfung l√§uft √ºber 2 #DLK und mit diversen Strahlrohren im Innen- und Au√üenangriff. Zur Lagebeurteilung wird eine #Drohne eingesetzt.  ",Brand
"Update #Wedding (1/2) Es brennt eine Wohnung im 4. OG mit √úbergriff auf das 350 qm gro√üe Dach des 5-geschossigen Wohnhauses. 2 Personen wurden verletzt, wovon 1 P. in eine Klinik gebracht wurde. Rund 50 Personen wurden aus dem Geb√§ude in Sicherheit gebracht und im #MTF3 betreut.  ",Brand
#Brand in einem Wohngeb√§ude mit √úbergriff auf das Dach in der #Amsterdamer_Stra√üe in #Wedding. Es wurden weitere Fahrzeuge und Kr√§fte nachalarmiert. Wir sind hier aktuell mit rund 110 Kr√§ften im Einsatz bzw. auf der Anfahrt.  Weitere Infos folgen ‚Ä¶,Brand
"Update: Es brannte in einem Industriebetrieb eine Reinigungsfl√ºssigkeit. Der Brand wurde mit 50 kg Sonderl√∂schmittel (CO2) erfolgreich bek√§mpft. Eine Person wurde durch den Rettungsdienst gesichtet, Personen u. Umwelt waren nicht gef√§hrdet.Wir waren mit 101 Einsatzkr√§ften vor Ort  ",Brand
"Update: Der Brand wurde mit 2 C-Rohren gel√∂scht. Ein in der Anfangsphase eingesetztes C-Rohr im Au√üenangriff konnte die weitere Brand- u. Rauchentwicklung erfolgreich begrenzen. Es wurden ca. 90 Einsatzkr√§fte alarmiert, darunter auch unsere #Lehrfeuerwache . #goodjob",Brand
Eine Person ist in #Mitte von der Treppe gest√ºrzt. Ein #RTW ist bereits auf dem Weg.  #112live #Berlin112,Rettungseinsatz
In #Prenzlauer_Berg ist ein Aufzug stecken geblieben. Ein #LHF macht sich auf dem Weg zum Einsatzort.   #112live #Berlin112,Rettungseinsatz
In #Baumschulenweg klagt eine Person √ºber pl√∂tzlich einsetzende starke Brustschmerzen. Ein #RTW der FW Treptow und eine #NEF aus Neuk√∂lln sind alarmiert.   #112live #Berlin112,Rettungseinsatz
Verletzte Person nach K√∂rperverletzung in #Charlottenburg. Ein #RTW trifft gleich ein. #112live #Berlin112,Rettungseinsatz
In #Friedrichshain kam es zu einem Medizinischen Notfall mit einer Bewusstseinsst√∂rung. Wir sind mit dem #NEF der FW Urban und dem #RTW der @JUHBerlin vor Ort. #112live #Berlin112  ,Rettungseinsatz
Vergiftung in #Prenzlauerberg mit #Bewusstseinstr√ºbung. Eine weibliche Person hat laut Meldung eine #Medikamenten√ºberdosis. Der #RTW von der #FW_Friedrichshain ist auf dem Weg.  #112live #Berlin112,Rettungseinsatz
√úber #Brustschmerz klagt eine weibliche Person in #K√∂penick. Ein #RTW und ein #NEF sind bereits auf der Anfahrt. #112live #Berlin112,Rettungseinsatz
In #Wilmersdorf wurde eine Person von einem Fahrzeug angefahren und verletzt. Ein #RTW und ein #NEF sind auf dem Weg. #112live #Berlin112,Rettungseinsatz
Eine m√§nnliche Person  klagt √ºber #Brustschmerzen und #Atembeschwerden in #Marzahn. Der #RTW der #FW_Marzahn ist unterwegs.  #112live #Berlin112,Rettungseinsatz
Uns erwartet die Polizei zu einer verletzten Person nach Schl√§gerei in #Gesundbrunnen. Wir r√ºcken aus. #112live #Berlin112,Rettungseinsatz
"#Verkehrsunfall zwischen einem Schulbus und 2 Pkw an der #Falkenseer_Chaussee in #Spandau. 15 Personen, darunter 11 Kinder wurden vom #Rettungsdienst gesichtet. 2 Erwachsene und alle 11 Kinder wurden in umliegende Kliniken gebracht. Alle Betroffenen waren nur leicht verletzt.  ",Verkehrsunfall
"In der Nacht kam es zu einem #Verkehrsunfall im Bereich #Kronprinzessinenweg Ecke #Havelchaussee in #Nikolassee, bei dem sich ein #Pkw √ºberschlug und auf dem Dach liegen blieb. Die vier Insassen wurden schwer verletzt und nach not√§rztlicher Versorgung in Krankenh√§user gebracht.",Verkehrsunfall
Update #Dahlem eine verletzte Person wurde nach dem Verkehrsunfall vom #Rettungsdienst behandelt und in eine Klinik transportiert. Die besch√§digte Laterne wurde mit Hilfe einer #DLK gegen umst√ºrzen gesichert.    #112live #Berlin112,Verkehrsunfall
In #Karlshorst fordert die @polizeiberlin ein #LHF zum aufrichten eines PKW nach einem Verkehrsunfall an. Es soll niemand verletzt sein. #112live #Berlin112,Verkehrsunfall
Die #Berliner_Feuerwehr stellte w√§hrend der Ermittlungen den Brandschutz sicher. Im Anschluss wurde die Person aus dem Pkw durch die Spezialkr√§fte des Technischen Dienstes und der Lehrfeuerwache geborgen. 34 Einsatzkr√§fte waren vor Ort t√§tig.  ,Verkehrsunfall
"In der Karl-Liebknecht-Str. In #Mitte erfasste eine #Stra√üenbahn gegen 2 Uhr heute Morgen 4 Personen, die dort versucht hatten, die Gleise zu √ºberqueren. Dabei wurde eine Person t√∂dlich verletzt. Die 3 anderen Personen wurden, ebenso wie der Tramf√ºhrer, leicht verletzt.",Verkehrsunfall
#Verkehrsunfall auf der #Prenzlauer_Promenade in #Pankow zwischen 2 PKW und einem #BVG_Bus. Ein PKW √ºberschlug sich und musste durch unsere Spezialkr√§fte des #TD geborgen werden. 2 #leichtverletzte Personen wurden rettungsdienstlich versorgt. 21 Kr√§fte waren vor Ort. #LFW  ,Verkehrsunfall
Schwerer #Verkehrsunfall in der #Adamstra√üe in #Wilhelmstadt Dabei √ºberschlug sich 1 Pkw und blieb auf dem Dach liegen. Der Fahrer wurde lebensgef√§hrlich verletzt aus dem Pkw gerettet und erfolgreich reanimiert. #Ersthelfer und @polizeiberlin unterst√ºtzten in der Initialphase.  ,Verkehrsunfall
#Verkehrsunfall in #Lankwitz #Leonorenstra√üe Zwei Personen wurden von einem Bus erfasst und eingeklemmt. Mit Rettungsger√§ten vom #R√ºstwagen der @Berliner_Fw musste der Bus angehoben werden. Eine Person kam schwer verletzt in eine Klinik. Die zweite Person ist am Ort verstorben.  ,Verkehrsunfall
"#Verkehrsunfall in #Mitte Auf einer Einsatzfahrt kam es zum Unfall zwischen dem vollelektrischen L√∂sch-und Hilfeleistungsfahrzeug #eLHF der @Berliner_Fw und einem Pkw. Aus dem Pkw kamen eine Person nach Versorgung durch Notarzt, aus dem LHF eine Einsatzkraft, verletzt in Kliniken  ",Verkehrsunfall
Unsere #Lehrfeuerwache (LFW) w√§chst und geht heute an ihrem neuen und dritten Standort auf der #FW_Buckow an den Start. Damit stehen unseren Nachwuchskr√§ften nun 3 ‚ÄûLHF-LFW‚Äú f√ºr ihr Praktikum zur Verf√ºgung. Erste Standorte: #FW_Suarez (1) und #FW_Wedding (2). #WirRettenBerlin  ,Feuerwehr-News
Ein halbes Jahr Arbeit und Herzblut steckt in unserer Kampagne #DieRichtigeNummerImRichtigenMoment. Wir sagen Dankesch√∂n ‚Äì insbesondere an die Kolleg:innen unserer Leitstelle der #BerlinerFeuerwehr und des √Ñrztlichen Bereitschaftsdienstes der KV Berlin. @hauptstadt_kv  ,Feuerwehr-News
"Was tust du bei einer Erk√§ltung? Pascal von der @hauptstadt_kv  z√§hlt einige M√∂glichkeiten bei geschlossener Hausarztpraxis oder am Wochenende auf. Welche Hausmittelchen oder Tricks von Oma helfen dir, damit es dir schnell wieder besser geht?  #DierichtigeNummerimrichtigenMoment  ",Feuerwehr-News
"Nach 12 Stunden beenden wir das #TwitterGewitter2023. W√§hrend dieser Zeit hat unsere #Leitstelle fast 850 Alarme angelegt. Wir haben dazu fast 400 Tweets f√ºr euch abgesetzt. Stab Kommunikation der Berliner Feuerwehr. Ohne Quittung, Ende. #112live #Berlin112",Feuerwehr-News
√úbrigens: seit diesem Jahr sind wir mit unserem neuen Format #RettungsDienstag am Start. Jeden ersten Dienstag im Monat gibt es Informationen zum Thema #Rettungsdienst. Schaut dazu auch auf unserem Instagram- und Facebook-Kanal vorbei. #Berlin112 #112Live,Feuerwehr-News
"Ab wann ist ein Sturz von der Leiter gef√§hrlich? Ina aus unserer Leitstelle, ordnet diese Situation ein und erkl√§rt, wann sicherheitshalber die 112 angerufen werden sollte. Sie erkl√§rt dir au√üerdem, was nach der Leitstellenabfrage passiert.  #DierichtigeNummerimrichtigenMoment  ",Feuerwehr-News
"Welche Auswirkungen haben eigentlich unbegr√ºndete Anrufe bei der Berliner Feuerwehr? Das erkl√§rt uns Ina, eine unserer Notrufbearbeiterinnen.    Unsere Bitte an euch:  Helft uns dabei, unsere Rettungsfahrzeuge vern√ºnftig einzusetzen.   #DierichtigeNummerimrichtigenMoment  ",Feuerwehr-News
"Bevor du im Krankheitsfall gleich zum H√∂rer greifst, wirf einen Blick in deine Hausapotheke und versuch dir bei leichten Beschwerden selbst zu helfen. Hier erf√§hrst du auf einen Blick, was zu deren Grundausstattung geh√∂ren sollte.   Zusammen mit @hauptstadt_kv  ",Feuerwehr-News
"Die Einsatzkr√§fte waren √ºberw√§ltigt von der #Hilfe der #Passanten und lobten das couragierte Verhalten.  Sollte sich jemand als Ersthelfer/in des gestrigen Einsatzes angesprochen f√ºhlen, dann gerne mal eine Mail mit Kontaktdaten an pressestelle@berliner-feuerwehr.de senden.",Feuerwehr-News
Ihr habt noch Platz in euren Terminkalendern üóì ? Dann aufgemerkt üëÇund am besten gleich einspeichern üìù. Feuerwehrfans üöëüöí d√ºrfen sich freuen: spannende Termine warten auf euch. ü•≥  ,Feuerwehr-News
Einmal Zahlen bitte:   187 Eins√§tze wurden zwischen 8 Uhr heute Morgen und 10:30 Uhr von der Leitstelle der @Berliner_Fw angelegt.  Das bedeutet durchschnittlich alle 48 Sekunden ein neuer Einsatz in #Berlin.   #112live #Berlin112,Ausnahmezustand
Bilanz: Seit 19:45 Uhr ist der #AZ_Wetter beendet und die @Berliner_Fw hat 100 wetterbedingte Eins√§tze abgearbeitet. Die #Freiwillige_Feuerwehr unterst√ºtzte mit 26 zus√§tzlichen Fahrzeugen und knapp 150 Kameradinnen und Kameraden. #WirRettenBerlin gemeinsam!,Ausnahmezustand
Die vorl√§ufige Bilanz der letzten Nacht:     Selbst erfahrene Einsatzkr√§fte waren √ºber die Aggressivit√§t und Gewaltbereitschaft durch zum Teil vermummte Gruppen geschockt. Allen 15 verletzten Einsatzkr√§ften Gute Besserung.,Ausnahmezustand
Die Berliner Feuerwehr befindet sich seit 19:55 Uhr im Ausnahmezustand Silvester. Seit Beginn wurden wir bereits zu 72 Brandeins√§tzen alarmiert.,Ausnahmezustand
Es gibt eine amtliche #Unwetterwarnung f√ºr #Berlin vor schwerem #Gewitter mit heftigem #Starkregen. Bleiben sie wenn m√∂glich Zuhause und beachten sie bitte unsere Hinweise zum Thema #Unwetter:  ,Ausnahmezustand
Aufgrund der m√∂glichen #Unwetterlage haben wir vorsorglich mehrere  #Freiwillige_Feuerwehr|en auf Berufsfeuerwachen in Dienst gerufen.  Sie stehen uns damit im Falle steigender Notrufe unverz√ºglich zur Verf√ºgung um Euch zu helfen. #Danke #Ehrenamt    ,Ausnahmezustand
Seit 16:00 Uhr ist der #Ausnahmezustand beendet. #Ylenia und #Zeynep haben uns fast 4000 Wettereins√§tze beschert. Das Sturmtief #Antonia k√ºndigt sich f√ºr die n√§chsten Stunden an. Geben Sie auf einander acht.   ,Ausnahmezustand
Seit 15 h sind wir im #Ausnahmezustand_Wetter und noch ist kein Ende in Sicht. Bisher haben wir 1342 wetterbedingte #Eins√§tze aufgenommen. Aktuell laufen davon 669 Eins√§tze und halten uns in Atem.   ‚ö†Ô∏è Geben sie aufeinander Acht ‚ö†Ô∏è #Orkantief #Zeynep     ,Ausnahmezustand
"Fazit zum #Sturmtief #Ylenia: die @Berliner_Fw hat in 24 Stunden am 17. Februar insgesamt 2753 Eins√§tze in #Berlin bew√§ltigt, darunter waren allein 1366 wetterbedingte Eins√§tze.   Kompletter Bericht unter:  ",Ausnahmezustand
Derzeit haben wir eine sehr hohe Auslastung Bereich der #Notfallrettung. Unsere Rettungswagen fahren ununterbrochen. Wir haben vor wenigen Minuten den  AZ Rettungsdienst  ausgerufen und nehmen nun weitere RTW in Dienst. #Berlin112 #112live,Ausnahmezustand
Durch die schwierigen Gel√§ndeverh√§ltnisse hat sich ein #LHF bei dem Einsatz #festgefahren. Kommt vor! Auf den Einsatzverlauf hatte dies keinen Einfluss. Unsere #Spezialkr√§fte vom #Technischen_Dienst r√ºckten mit dem #R√ºstwagen an und zogen das LHF wieder raus. #GoodJob  ,Technische-Hilfeleistung
#Technische_Hilfeleistung in der N√§he der Stra√üe #Freiheit in #Spandau. Dort lag am Abend ein umgest√ºrzter Baum auf dem Gleis einer industriell genutzten Bahn und versperrte einer Lok den Weg. Wir zers√§gten den Baum und r√§umten die Teile vom Gleis. Die Lok rollt wieder. #EstuK  ,Technische-Hilfeleistung
"In #Wittenau drohte ein #Baum auf die #Oranienburger_Str zu st√ºrzen. Wir haben ihn mittels #DLK, mehrerer #S√§gen und viel #Muskelkraft abgetragen und die Stra√üe wieder freiger√§umt. Im Einsatz waren 18 Kr√§fte. @VIZ_Berlin: Die Stra√üe ist wieder frei und der Verkehr rollt. #EstuK  ",Technische-Hilfeleistung
"Einsatz unserer #H√∂henrettung und weiterer Kr√§fte in der #W√∂rther_Str. in #Prenzlauer_Berg. Dort drohten etwa 40qm Dachhaut eines Wohngeb√§udes abzust√ºrzen, welche zuvor durch starken Wind teilweise abgerissen wurde. Wir sicherten die losen Teile. Auch 2 #DLK waren im Einsatz.  ",Technische-Hilfeleistung
#Ausnahmezustand_Wetter In der #Lortzingstrasse in #Lichtenrade waren Christoph und Dennis von der¬† #Freiwilligen_Feuerwehr zuerst vor Ort. Ein Baum droht auf ein Haus zu st√ºrzen . Unser Kran kommt nun zum Einsatz. #Ehrenamt  ,Technische-Hilfeleistung
#Technische_Hilfeleistung in der #Trelleborger_Stra√üe in #Pankow. Dort sind zwei gro√üe B√§ume gegen eine Hauswand gest√ºrzt. Unsere R√ºstgruppe wurde nachalarmiert. Update folgt.,Technische-Hilfeleistung
"Einsatz dauert an. Ein nichtbeladener Lkw ist von einer F√§hre, die zwischen der Insel Scharfenberg und dem Festland pendelt, heruntergerollt. Derzeit f√ºhren unsere Taucher gemeinsam mit der R√ºstgruppe die Bergung durch. Die FF Tegelort ist mit ihrem Mehrzweckboot im Einsatz.  ",Technische-Hilfeleistung
"#Update Spezialkr√§fte des #Technischen_Dienstes der @Berliner_Fw haben den Transporter geborgen. Im Einsatz waren unter anderem der #Feuerwehrkran unserer #R√ºstgruppe, die #FeuerwehrTaucher und ein #Mehrzweckboot der #FF. @VIZ_Berlin: Die Stra√üensperrung ist aufgehoben. #Estuk  ",Technische-Hilfeleistung
"#TH in #Lichterfelde Wir sind in der #Drakestra√üe im Einsatz. Hier liegt ein Baum auf der Stra√üe, welcher von den Spezialisten des #TD der @Berliner_Fw beseitigt wird. Die Stra√üe ist momentan in beide Richtungen gesperrt. @VIZ_Berlin  ",Technische-Hilfeleistung
#Technische_Hilfeleistung in #Mitte  Wir sind auf dem Dach eines Hotels im 40.Stock am #Alexanderplatz im Einsatz. Dort droht ein ‚ÄûBuchstabe‚Äú auf die Dachterrasse abzust√ºrzen. Unsere Spezialisten der #H√∂henrettung pr√ºfen nun weitere Ma√ünahmen.,Technische-Hilfeleistung
Auf dem #M√ºggelsee in #K√∂penick war ein Sportboot in Notlage geraten. 2 Menschen retteten sich ans Ufer und werden von uns medizinisch versorgt. Boot wird von der #FF gesichert.,Wasserrettung
#Bootsbrand in #Hakenfelde 54 Kr√§fte und #Umweltdienst der @Berliner_Fw wurden zu einem Bootsbrand in der #Carossastra√üe alarmiert. Dort brannte ein Kaj√ºtsegelboot. Die Brandbek√§mpfung erfolgte von der Landseite. Boot gesichert und an @polizeiberlin #Wasserschutzpolizei √ºbergeben  ,Wasserrettung
"#Wasserrettungseinsatz in #Gr√ºnau #Langer_See Ein gekentertes Segelboot drohte zu sinken. Die #WSP der @polizeiberlin rettete eine Person. Kr√§fte der @Berliner_Fw zogen das Boot an einen Steg, konnten es mit Hilfe von Lenzpumpen heben. 32 Kr√§fte waren 4 h im Einsatz. #GoodJob  ",Wasserrettung
"Update: Mit 6 Tauchtrupps, 3 Booten (teils mit Sonar) der Feuerwehr und Hilfsorganisationen, #Wasserschutzpolizei @polizeiberlin, unterst√ºtzt von @PolizeiBB mit #Polizeihubschrauber, wurde die #Spree √ºber 2 h abgesucht. Person konnte nicht gefunden werden. Einsatz jetzt beendet.  ",Wasserrettung
"#Person_im_Wasser Die @Berliner_Fw wurde um 22:30 zur Lutherbr√ºcke in Moabit alarmiert. Eine Person konnte mit Hilfe unserer #Taucher in Sicherheit gebracht werden und wurde unterk√ºhlt dem Rettungsdienst √ºbergeben. Vor Ort waren 36 Kr√§ften,darunter auch die Wasserwacht des @DRK.  ",Wasserrettung
#Wasserrettungseinsatz in #Heiligensee Unsere Einsatzkr√§fte und #Taucher #Technischer_Dienst suchen eine vermisste Person im Wasser an der Badestelle #Sandhauser_Stra√üe.  Weitere Infos folgen...  ,Wasserrettung
Zwei Jugendliche brachen heute Nachmittag auf der #Oberhavel in #Hakenfelde ins Eis ein. Ein mutiger Spazierg√§nger rettete die zwei noch vor Eintreffen der Feuerwehr aus ihrer Notlage. Alle drei wurden mit #Unterk√ºhlungen in Kliniken gebracht.,Wasserrettung
In #Niedersch√∂neweide hat eine Personen einen Hund aus dem Wasser gerettet und ist nun unterk√ºhlt. Wir schicken sofort einen RTW.  Achtung: Begebt euch nicht selbst in Gefahr. Das eisige Wasser wird leicht untersch√§tzt und kann zur gro√üen Gefahr werden.  #Berlin112 #112live,Wasserrettung
"Seit heute Morgen wurden wir bereits zu 3 #Badeunf√§llen gerufen. Am #Teufelssee ertrank heute fr√ºh ein Mann. Am #Habermannsee geriet ein Kind in Not, konnte aber gerettet und ins Khs. gebracht werden. In #Britz retteten Passanten einen Mann aus dem #Teltowkanal, Reanimation!",Wasserrettung
"An der #Elsenbr√ºcke in #Friedrichshain st√ºrzte eine Person in die #Spree. Ein #Zeuge begab sich beherzt ins Wasser um diese zu #retten. Der #Ersthelfer zog die Person ans Ufer, wo ein weiterer #Helfer bis zum Eintreffen der @Berliner_Fw diese sicherte. #EngelDerGro√üstadt #goodjob",Wasserrettung
